X,CH1,CH2,
Second,Volt,Volt,
-1.98040e-03,4.00e-01,4.96e+00,
-1.97940e-03,2.00e-01,4.96e+00,
-1.97840e-03,0.00e+00,4.88e+00,
-1.97740e-03,4.00e-01,5.04e+00,
-1.97640e-03,5.00e+00,5.12e+00,
-1.97540e-03,4.80e+00,4.96e+00,
-1.97440e-03,4.80e+00,4.96e+00,
-1.97340e-03,5.20e+00,0.00e+00,
-1.97240e-03,5.00e+00,1.60e-01,
-1.97140e-03,4.80e+00,3.20e-01,
-1.97040e-03,5.00e+00,3.20e-01,
-1.96940e-03,4.80e+00,2.40e-01,
-1.96840e-03,5.00e+00,2.40e-01,
-1.96740e-03,2.00e-01,3.20e-01,
-1.96640e-03,0.00e+00,2.40e-01,
-1.96540e-03,2.00e-01,5.12e+00,
-1.96440e-03,2.00e-01,4.88e+00,
-1.96340e-03,2.00e-01,4.96e+00,
-1.96240e-03,4.00e-01,5.12e+00,
-1.96140e-03,5.20e+00,4.96e+00,
-1.96040e-03,5.00e+00,4.96e+00,
-1.95940e-03,4.80e+00,2.40e-01,
-1.95840e-03,5.00e+00,1.60e-01,
-1.95740e-03,4.80e+00,2.40e-01,
-1.95640e-03,4.80e+00,2.40e-01,
-1.95540e-03,5.00e+00,3.20e-01,
-1.95440e-03,4.80e+00,2.40e-01,
-1.95340e-03,5.00e+00,2.40e-01,
-1.95240e-03,4.00e-01,2.40e-01,
-1.95140e-03,2.00e-01,5.20e+00,
-1.95040e-03,2.00e-01,4.96e+00,
-1.94940e-03,4.00e-01,4.88e+00,
-1.94840e-03,2.00e-01,4.88e+00,
-1.94740e-03,5.00e+00,5.12e+00,
-1.94640e-03,5.00e+00,4.96e+00,
-1.94540e-03,4.80e+00,4.96e+00,
-1.94440e-03,4.80e+00,2.40e-01,
-1.94340e-03,5.00e+00,7.99e-02,
-1.94240e-03,5.00e+00,1.60e-01,
-1.94140e-03,4.80e+00,2.40e-01,
-1.94040e-03,5.00e+00,2.40e-01,
-1.93940e-03,5.00e+00,3.20e-01,
-1.93840e-03,4.80e+00,2.40e-01,
-1.93740e-03,0.00e+00,5.12e+00,
-1.93640e-03,2.00e-01,4.96e+00,
-1.93540e-03,2.00e-01,4.96e+00,
-1.93440e-03,2.00e-01,4.96e+00,
-1.93340e-03,5.20e+00,5.28e+00,
-1.93240e-03,5.00e+00,4.96e+00,
-1.93140e-03,4.80e+00,4.96e+00,
-1.93040e-03,5.00e+00,4.96e+00,
-1.92940e-03,4.80e+00,7.99e-02,
-1.92840e-03,5.00e+00,2.40e-01,
-1.92740e-03,4.80e+00,3.20e-01,
-1.92640e-03,5.20e+00,7.20e-01,
-1.92540e-03,4.80e+00,2.40e-01,
-1.92440e-03,5.20e+00,2.40e-01,
-1.92340e-03,2.00e-01,5.44e+00,
-1.92240e-03,2.00e-01,5.04e+00,
-1.92140e-03,2.00e-01,4.80e+00,
-1.92040e-03,0.00e+00,4.96e+00,
-1.91940e-03,5.00e+00,4.96e+00,
-1.91840e-03,5.00e+00,4.96e+00,
-1.91740e-03,4.80e+00,5.04e+00,
-1.91640e-03,4.80e+00,4.96e+00,
-1.91540e-03,5.20e+00,-7.99e-02,
-1.91440e-03,4.80e+00,2.40e-01,
-1.91340e-03,5.00e+00,2.40e-01,
-1.91240e-03,5.00e+00,2.40e-01,
-1.91140e-03,4.80e+00,5.60e-01,
-1.91040e-03,5.00e+00,2.40e-01,
-1.90940e-03,0.00e+00,2.40e-01,
-1.90840e-03,0.00e+00,5.44e+00,
-1.90740e-03,4.00e-01,4.96e+00,
-1.90640e-03,2.00e-01,4.96e+00,
-1.90540e-03,4.00e-01,5.12e+00,
-1.90440e-03,5.00e+00,5.12e+00,
-1.90340e-03,5.20e+00,4.96e+00,
-1.90240e-03,5.00e+00,4.96e+00,
-1.90140e-03,4.80e+00,2.40e-01,
-1.90040e-03,5.00e+00,1.60e-01,
-1.89940e-03,4.80e+00,2.40e-01,
-1.89840e-03,5.00e+00,4.80e-01,
-1.89740e-03,4.80e+00,1.60e-01,
-1.89640e-03,5.00e+00,2.40e-01,
-1.89540e-03,2.00e-01,3.20e-01,
-1.89440e-03,2.00e-01,2.40e-01,
-1.89340e-03,0.00e+00,5.28e+00,
-1.89240e-03,4.00e-01,4.88e+00,
-1.89140e-03,2.00e-01,4.96e+00,
-1.89040e-03,2.00e-01,5.20e+00,
-1.88940e-03,5.20e+00,4.96e+00,
-1.88840e-03,5.00e+00,4.96e+00,
-1.88740e-03,5.00e+00,2.40e-01,
-1.88640e-03,5.00e+00,2.40e-01,
-1.88540e-03,4.80e+00,1.60e-01,
-1.88440e-03,4.80e+00,2.40e-01,
-1.88340e-03,5.00e+00,3.20e-01,
-1.88240e-03,4.80e+00,2.40e-01,
-1.88140e-03,5.00e+00,3.20e-01,
-1.88040e-03,4.80e+00,3.20e-01,
-1.87940e-03,0.00e+00,5.20e+00,
-1.87840e-03,0.00e+00,4.96e+00,
-1.87740e-03,2.00e-01,4.88e+00,
-1.87640e-03,2.00e-01,4.96e+00,
-1.87540e-03,5.20e+00,5.12e+00,
-1.87440e-03,5.00e+00,4.96e+00,
-1.87340e-03,4.80e+00,4.88e+00,
-1.87240e-03,5.00e+00,2.40e-01,
-1.87140e-03,4.80e+00,1.60e-01,
-1.87040e-03,5.00e+00,2.40e-01,
-1.86940e-03,4.80e+00,2.40e-01,
-1.86840e-03,4.80e+00,2.40e-01,
-1.86740e-03,5.00e+00,4.80e-01,
-1.86640e-03,5.00e+00,2.40e-01,
-1.86540e-03,2.00e-01,5.20e+00,
-1.86440e-03,0.00e+00,4.96e+00,
-1.86340e-03,4.00e-01,4.96e+00,
-1.86240e-03,2.00e-01,4.88e+00,
-1.86140e-03,5.00e+00,5.12e+00,
-1.86040e-03,5.00e+00,4.96e+00,
-1.85940e-03,4.80e+00,4.88e+00,
-1.85840e-03,5.00e+00,4.88e+00,
-1.85740e-03,4.80e+00,1.60e-01,
-1.85640e-03,5.00e+00,2.40e-01,
-1.85540e-03,4.80e+00,2.40e-01,
-1.85440e-03,5.00e+00,2.40e-01,
-1.85340e-03,4.80e+00,2.40e-01,
-1.85240e-03,5.00e+00,2.40e-01,
-1.85140e-03,0.00e+00,5.12e+00,
-1.85040e-03,2.00e-01,5.04e+00,
-1.84940e-03,4.00e-01,4.88e+00,
-1.84840e-03,0.00e+00,4.88e+00,
-1.84740e-03,4.00e-01,5.12e+00,
-1.84640e-03,5.20e+00,4.96e+00,
-1.84540e-03,5.00e+00,4.96e+00,
-1.84440e-03,4.80e+00,4.96e+00,
-1.84340e-03,5.00e+00,1.60e-01,
-1.84240e-03,5.00e+00,2.40e-01,
-1.84140e-03,4.80e+00,2.40e-01,
-1.84040e-03,5.00e+00,2.40e-01,
-1.83940e-03,4.80e+00,2.40e-01,
-1.83840e-03,5.00e+00,2.40e-01,
-1.83740e-03,2.00e-01,2.40e-01,
-1.83640e-03,2.00e-01,5.12e+00,
-1.83540e-03,2.00e-01,4.96e+00,
-1.83440e-03,2.00e-01,4.88e+00,
-1.83340e-03,4.00e-01,5.12e+00,
-1.83240e-03,2.00e-01,5.04e+00,
-1.83140e-03,5.20e+00,4.96e+00,
-1.83040e-03,5.20e+00,4.96e+00,
-1.82940e-03,4.80e+00,1.60e-01,
-1.82840e-03,5.00e+00,1.60e-01,
-1.82740e-03,4.80e+00,2.40e-01,
-1.82640e-03,5.00e+00,0.00e+00,
-1.82540e-03,4.80e+00,2.40e-01,
-1.82440e-03,5.00e+00,2.40e-01,
-1.82340e-03,4.80e+00,2.40e-01,
-1.82240e-03,2.00e-01,2.40e-01,
-1.82140e-03,2.00e-01,5.12e+00,
-1.82040e-03,4.00e-01,4.96e+00,
-1.81940e-03,2.00e-01,4.88e+00,
-1.81840e-03,2.00e-01,5.20e+00,
-1.81740e-03,5.00e+00,4.96e+00,
-1.81640e-03,5.00e+00,4.96e+00,
-1.81540e-03,4.80e+00,2.40e-01,
-1.81440e-03,4.80e+00,1.60e-01,
-1.81340e-03,5.00e+00,2.40e-01,
-1.81240e-03,5.20e+00,2.40e-01,
-1.81140e-03,4.80e+00,2.40e-01,
-1.81040e-03,5.00e+00,2.40e-01,
-1.80940e-03,4.80e+00,2.40e-01,
-1.80840e-03,5.00e+00,2.40e-01,
-1.80740e-03,2.00e-01,5.12e+00,
-1.80640e-03,0.00e+00,4.80e+00,
-1.80540e-03,4.00e-01,5.04e+00,
-1.80440e-03,2.00e-01,4.96e+00,
-1.80340e-03,5.00e+00,5.12e+00,
-1.80240e-03,5.00e+00,4.96e+00,
-1.80140e-03,5.20e+00,4.88e+00,
-1.80040e-03,5.00e+00,1.60e-01,
-1.79940e-03,4.80e+00,2.40e-01,
-1.79840e-03,5.00e+00,2.40e-01,
-1.79740e-03,4.80e+00,2.40e-01,
-1.79640e-03,5.00e+00,2.40e-01,
-1.79540e-03,4.80e+00,2.40e-01,
-1.79440e-03,5.00e+00,2.40e-01,
-1.79340e-03,2.00e-01,5.12e+00,
-1.79240e-03,4.00e-01,4.96e+00,
-1.79140e-03,2.00e-01,4.96e+00,
-1.79040e-03,2.00e-01,4.96e+00,
-1.78940e-03,5.20e+00,5.12e+00,
-1.78840e-03,5.00e+00,4.96e+00,
-1.78740e-03,4.80e+00,4.80e+00,
-1.78640e-03,4.80e+00,4.88e+00,
-1.78540e-03,5.00e+00,1.60e-01,
-1.78440e-03,5.00e+00,2.40e-01,
-1.78340e-03,4.80e+00,2.40e-01,
-1.78240e-03,5.00e+00,2.40e-01,
-1.78140e-03,4.80e+00,2.40e-01,
-1.78040e-03,5.00e+00,2.40e-01,
-1.77940e-03,2.00e-01,5.12e+00,
-1.77840e-03,2.00e-01,5.04e+00,
-1.77740e-03,2.00e-01,4.88e+00,
-1.77640e-03,2.00e-01,4.88e+00,
-1.77540e-03,4.00e-01,5.12e+00,
-1.77440e-03,5.00e+00,4.96e+00,
-1.77340e-03,4.80e+00,4.96e+00,
-1.77240e-03,4.80e+00,4.96e+00,
-1.77140e-03,5.00e+00,2.40e-01,
-1.77040e-03,5.00e+00,2.40e-01,
-1.76940e-03,4.80e+00,2.40e-01,
-1.76840e-03,4.80e+00,2.40e-01,
-1.76740e-03,5.00e+00,1.60e-01,
-1.76640e-03,5.00e+00,2.40e-01,
-1.76540e-03,2.00e-01,2.40e-01,
-1.76440e-03,2.00e-01,5.12e+00,
-1.76340e-03,4.00e-01,4.96e+00,
-1.76240e-03,2.00e-01,4.88e+00,
-1.76140e-03,4.00e-01,5.12e+00,
-1.76040e-03,2.00e-01,5.04e+00,
-1.75940e-03,5.00e+00,4.88e+00,
-1.75840e-03,4.80e+00,4.96e+00,
-1.75740e-03,5.20e+00,1.60e-01,
-1.75640e-03,4.80e+00,2.40e-01,
-1.75540e-03,5.20e+00,4.00e-01,
-1.75440e-03,5.00e+00,2.40e-01,
-1.75340e-03,4.80e+00,1.60e-01,
-1.75240e-03,4.80e+00,2.40e-01,
-1.75140e-03,5.00e+00,2.40e-01,
-1.75040e-03,2.00e-01,2.40e-01,
-1.74940e-03,2.00e-01,5.12e+00,
-1.74840e-03,2.00e-01,4.96e+00,
-1.74740e-03,4.00e-01,4.88e+00,
-1.74640e-03,2.00e-01,5.12e+00,
-1.74540e-03,5.20e+00,4.96e+00,
-1.74440e-03,4.80e+00,4.96e+00,
-1.74340e-03,5.00e+00,2.40e-01,
-1.74240e-03,5.00e+00,4.00e-01,
-1.74140e-03,4.80e+00,7.99e-02,
-1.74040e-03,4.80e+00,7.99e-02,
-1.73940e-03,5.00e+00,3.20e-01,
-1.73840e-03,5.00e+00,3.20e-01,
-1.73740e-03,4.80e+00,2.40e-01,
-1.73640e-03,5.00e+00,2.40e-01,
-1.73540e-03,0.00e+00,5.12e+00,
-1.73440e-03,4.00e-01,4.96e+00,
-1.73340e-03,2.00e-01,4.96e+00,
-1.73240e-03,4.00e-01,4.96e+00,
-1.73140e-03,5.00e+00,5.20e+00,
-1.73040e-03,5.00e+00,4.96e+00,
-1.72940e-03,4.80e+00,4.96e+00,
-1.72840e-03,5.00e+00,2.40e-01,
-1.72740e-03,4.80e+00,2.40e-01,
-1.72640e-03,5.20e+00,1.60e-01,
-1.72540e-03,4.80e+00,4.80e-01,
-1.72440e-03,5.00e+00,2.40e-01,
-1.72340e-03,4.80e+00,4.00e-01,
-1.72240e-03,5.00e+00,2.40e-01,
-1.72140e-03,0.00e+00,5.12e+00,
-1.72040e-03,2.00e-01,4.96e+00,
-1.71940e-03,4.00e-01,4.88e+00,
-1.71840e-03,2.00e-01,4.88e+00,
-1.71740e-03,5.00e+00,5.20e+00,
-1.71640e-03,5.20e+00,4.96e+00,
-1.71540e-03,4.80e+00,4.96e+00,
-1.71440e-03,5.00e+00,4.96e+00,
-1.71340e-03,4.80e+00,-7.99e-02,
-1.71240e-03,4.80e+00,2.40e-01,
-1.71140e-03,5.00e+00,2.40e-01,
-1.71040e-03,4.80e+00,-2.40e-01,
-1.70940e-03,5.00e+00,3.20e-01,
-1.70840e-03,5.00e+00,2.40e-01,
-1.70740e-03,2.00e-01,5.28e+00,
-1.70640e-03,2.00e-01,5.04e+00,
-1.70540e-03,4.00e-01,4.96e+00,
-1.70440e-03,2.00e-01,4.88e+00,
-1.70340e-03,4.00e-01,5.12e+00,
-1.70240e-03,5.00e+00,5.12e+00,
-1.70140e-03,5.20e+00,4.96e+00,
-1.70040e-03,5.00e+00,4.96e+00,
-1.69940e-03,4.80e+00,1.60e-01,
-1.69840e-03,4.80e+00,2.40e-01,
-1.69740e-03,5.00e+00,2.40e-01,
-1.69640e-03,4.80e+00,2.40e-01,
-1.69540e-03,5.20e+00,-7.99e-02,
-1.69440e-03,5.00e+00,2.40e-01,
-1.69340e-03,2.00e-01,4.00e-01,
-1.69240e-03,0.00e+00,5.04e+00,
-1.69140e-03,4.00e-01,4.88e+00,
-1.69040e-03,2.00e-01,4.88e+00,
-1.68940e-03,6.00e-01,5.36e+00,
-1.68840e-03,2.00e-01,5.12e+00,
-1.68740e-03,5.00e+00,4.96e+00,
-1.68640e-03,5.00e+00,4.96e+00,
-1.68540e-03,4.20e+00,-2.40e-01,
-1.68440e-03,5.00e+00,2.40e-01,
-1.68340e-03,4.80e+00,1.60e-01,
-1.68240e-03,4.80e+00,2.40e-01,
-1.68140e-03,5.00e+00,2.40e-01,
-1.68040e-03,5.00e+00,1.60e-01,
-1.67940e-03,4.80e+00,4.00e-01,
-1.67840e-03,2.00e-01,2.40e-01,
-1.67740e-03,2.00e-01,5.20e+00,
-1.67640e-03,0.00e+00,4.96e+00,
-1.67540e-03,4.00e-01,4.88e+00,
-1.67440e-03,2.00e-01,4.88e+00,
-1.67340e-03,5.20e+00,5.12e+00,
-1.67240e-03,5.00e+00,4.96e+00,
-1.67140e-03,5.00e+00,4.88e+00,
-1.67040e-03,5.00e+00,4.88e+00,
-1.66940e-03,4.80e+00,1.60e-01,
-1.66840e-03,4.80e+00,7.99e-02,
-1.66740e-03,5.00e+00,3.20e-01,
-1.66640e-03,5.00e+00,2.40e-01,
-1.66540e-03,4.80e+00,2.40e-01,
-1.66440e-03,5.00e+00,2.40e-01,
-1.66340e-03,2.00e-01,5.12e+00,
-1.66240e-03,2.00e-01,4.96e+00,
-1.66140e-03,4.00e-01,4.96e+00,
-1.66040e-03,4.00e-01,4.88e+00,
-1.65940e-03,0.00e+00,5.12e+00,
-1.65840e-03,5.00e+00,5.04e+00,
-1.65740e-03,4.80e+00,4.96e+00,
-1.65640e-03,5.00e+00,4.96e+00,
-1.65540e-03,4.80e+00,1.60e-01,
-1.65440e-03,4.80e+00,2.40e-01,
-1.65340e-03,5.00e+00,2.40e-01,
-1.65240e-03,4.80e+00,2.40e-01,
-1.65140e-03,5.00e+00,1.60e-01,
-1.65040e-03,5.20e+00,2.40e-01,
-1.64940e-03,2.00e-01,4.80e-01,
-1.64840e-03,0.00e+00,5.04e+00,
-1.64740e-03,4.00e-01,4.96e+00,
-1.64640e-03,2.00e-01,4.96e+00,
-1.64540e-03,4.00e-01,5.04e+00,
-1.64440e-03,0.00e+00,5.04e+00,
-1.64340e-03,5.00e+00,4.96e+00,
-1.64240e-03,4.80e+00,4.96e+00,
-1.64140e-03,5.00e+00,2.40e-01,
-1.64040e-03,5.00e+00,2.40e-01,
-1.63940e-03,4.80e+00,1.60e-01,
-1.63840e-03,4.80e+00,1.60e-01,
-1.63740e-03,5.20e+00,1.44e+00,
-1.63640e-03,5.00e+00,2.40e-01,
-1.63540e-03,4.80e+00,3.20e-01,
-1.63440e-03,2.00e-01,2.40e-01,
-1.63340e-03,-6.00e-01,5.20e+00,
-1.63240e-03,0.00e+00,4.96e+00,
-1.63140e-03,4.00e-01,4.96e+00,
-1.63040e-03,2.00e-01,5.20e+00,
-1.62940e-03,5.00e+00,4.96e+00,
-1.62840e-03,5.00e+00,4.96e+00,
-1.62740e-03,4.80e+00,4.88e+00,
-1.62640e-03,5.00e+00,1.60e-01,
-1.62540e-03,4.80e+00,2.40e-01,
-1.62440e-03,4.80e+00,2.40e-01,
-1.62340e-03,5.00e+00,3.20e-01,
-1.62240e-03,4.80e+00,2.40e-01,
-1.62140e-03,5.00e+00,2.40e-01,
-1.62040e-03,4.80e+00,2.40e-01,
-1.61940e-03,2.00e-01,5.12e+00,
-1.61840e-03,2.00e-01,4.96e+00,
-1.61740e-03,0.00e+00,4.96e+00,
-1.61640e-03,2.00e-01,4.88e+00,
-1.61540e-03,5.80e+00,5.36e+00,
-1.61440e-03,5.20e+00,4.96e+00,
-1.61340e-03,4.80e+00,4.88e+00,
-1.61240e-03,5.00e+00,4.96e+00,
-1.61140e-03,4.80e+00,1.60e-01,
-1.61040e-03,5.00e+00,4.00e-01,
-1.60940e-03,4.80e+00,2.40e-01,
-1.60840e-03,4.80e+00,4.00e-01,
-1.60740e-03,5.00e+00,2.40e-01,
-1.60640e-03,5.00e+00,2.40e-01,
-1.60540e-03,2.00e-01,5.12e+00,
-1.60440e-03,4.00e-01,5.04e+00,
-1.60340e-03,2.00e-01,4.96e+00,
-1.60240e-03,2.00e-01,4.88e+00,
-1.60140e-03,5.00e+00,5.12e+00,
-1.60040e-03,5.00e+00,4.96e+00,
-1.59940e-03,5.20e+00,4.96e+00,
-1.59840e-03,5.00e+00,4.88e+00,
-1.59740e-03,4.80e+00,1.60e-01,
-1.59640e-03,4.80e+00,1.60e-01,
-1.59540e-03,5.20e+00,2.40e-01,
-1.59440e-03,5.00e+00,2.40e-01,
-1.59340e-03,5.00e+00,2.40e-01,
-1.59240e-03,5.00e+00,2.40e-01,
-1.59140e-03,0.00e+00,2.40e-01,
-1.59040e-03,4.00e-01,4.80e-01,
-1.58940e-03,2.00e-01,5.12e+00,
-1.58840e-03,4.00e-01,4.96e+00,
-1.58740e-03,2.00e-01,4.88e+00,
-1.58640e-03,5.00e+00,5.04e+00,
-1.58540e-03,5.20e+00,4.88e+00,
-1.58440e-03,5.20e+00,4.96e+00,
-1.58340e-03,4.80e+00,2.40e-01,
-1.58240e-03,4.80e+00,7.99e-02,
-1.58140e-03,5.00e+00,2.40e-01,
-1.58040e-03,5.00e+00,2.40e-01,
-1.57940e-03,4.80e+00,2.40e-01,
-1.57840e-03,5.00e+00,2.40e-01,
-1.57740e-03,0.00e+00,2.40e-01,
-1.57640e-03,2.00e-01,2.40e-01,
-1.57540e-03,4.00e-01,5.28e+00,
-1.57440e-03,2.00e-01,4.88e+00,
-1.57340e-03,4.00e-01,4.96e+00,
-1.57240e-03,2.00e-01,4.96e+00,
-1.57140e-03,5.20e+00,5.12e+00,
-1.57040e-03,4.80e+00,4.96e+00,
-1.56940e-03,5.00e+00,4.88e+00,
-1.56840e-03,4.80e+00,1.60e-01,
-1.56740e-03,5.00e+00,4.00e-01,
-1.56640e-03,5.00e+00,2.40e-01,
-1.56540e-03,4.80e+00,-7.99e-02,
-1.56440e-03,4.80e+00,2.40e-01,
-1.56340e-03,5.00e+00,2.40e-01,
-1.56240e-03,2.00e-01,2.40e-01,
-1.56140e-03,2.00e-01,5.28e+00,
-1.56040e-03,0.00e+00,4.96e+00,
-1.55940e-03,4.00e-01,4.96e+00,
-1.55840e-03,2.00e-01,4.96e+00,
-1.55740e-03,5.40e+00,5.12e+00,
-1.55640e-03,5.00e+00,4.96e+00,
-1.55540e-03,4.80e+00,4.88e+00,
-1.55440e-03,4.80e+00,4.96e+00,
-1.55340e-03,5.00e+00,1.60e-01,
-1.55240e-03,5.00e+00,2.40e-01,
-1.55140e-03,4.80e+00,4.00e-01,
-1.55040e-03,4.80e+00,2.40e-01,
-1.54940e-03,5.00e+00,2.40e-01,
-1.54840e-03,5.00e+00,3.20e-01,
-1.54740e-03,2.00e-01,2.40e-01,
-1.54640e-03,2.00e-01,5.12e+00,
-1.54540e-03,4.00e-01,4.88e+00,
-1.54440e-03,2.00e-01,4.88e+00,
-1.54340e-03,5.00e+00,5.12e+00,
-1.54240e-03,4.80e+00,4.96e+00,
-1.54140e-03,5.20e+00,4.88e+00,
-1.54040e-03,5.00e+00,4.96e+00,
-1.53940e-03,4.80e+00,1.60e-01,
-1.53840e-03,5.00e+00,2.40e-01,
-1.53740e-03,4.80e+00,1.60e-01,
-1.53640e-03,4.80e+00,2.40e-01,
-1.53540e-03,5.00e+00,1.60e-01,
-1.53440e-03,4.80e+00,2.40e-01,
-1.53340e-03,2.00e-01,2.40e-01,
-1.53240e-03,2.00e-01,2.40e-01,
-1.53140e-03,4.00e-01,5.28e+00,
-1.53040e-03,2.00e-01,4.96e+00,
-1.52940e-03,5.00e+00,4.96e+00,
-1.52840e-03,5.00e+00,5.28e+00,
-1.52740e-03,5.20e+00,4.96e+00,
-1.52640e-03,4.80e+00,4.96e+00,
-1.52540e-03,5.00e+00,4.00e-01,
-1.52440e-03,5.00e+00,1.60e-01,
-1.52340e-03,4.80e+00,2.40e-01,
-1.52240e-03,5.00e+00,2.40e-01,
-1.52140e-03,5.20e+00,4.00e-01,
-1.52040e-03,5.20e+00,1.60e-01,
-1.51940e-03,0.00e+00,3.20e-01,
-1.51840e-03,2.00e-01,2.40e-01,
-1.51740e-03,-2.00e-01,5.84e+00,
-1.51640e-03,0.00e+00,4.88e+00,
-1.51540e-03,6.00e-01,5.12e+00,
-1.51440e-03,5.20e+00,4.96e+00,
-1.51340e-03,4.80e+00,5.12e+00,
-1.51240e-03,5.00e+00,4.96e+00,
-1.51140e-03,4.80e+00,4.96e+00,
-1.51040e-03,4.80e+00,4.96e+00,
-1.50940e-03,5.00e+00,1.60e-01,
-1.50840e-03,4.80e+00,2.40e-01,
-1.50740e-03,5.00e+00,2.40e-01,
-1.50640e-03,5.00e+00,2.40e-01,
-1.50540e-03,4.00e-01,2.40e-01,
-1.50440e-03,4.00e-01,-7.99e-02,
-1.50340e-03,0.00e+00,5.12e+00,
-1.50240e-03,2.00e-01,4.96e+00,
-1.50140e-03,4.00e-01,4.96e+00,
-1.50040e-03,2.00e-01,4.88e+00,
-1.49940e-03,5.20e+00,5.12e+00,
-1.49840e-03,5.00e+00,4.96e+00,
-1.49740e-03,5.00e+00,4.96e+00,
-1.49640e-03,5.00e+00,4.96e+00,
-1.49540e-03,4.80e+00,1.60e-01,
-1.49440e-03,5.00e+00,2.40e-01,
-1.49340e-03,4.80e+00,2.40e-01,
-1.49240e-03,4.80e+00,2.40e-01,
-1.49140e-03,5.20e+00,2.40e-01,
-1.49040e-03,5.00e+00,4.00e-01,
-1.48940e-03,0.00e+00,7.99e-02,
-1.48840e-03,4.00e-01,5.28e+00,
-1.48740e-03,0.00e+00,4.88e+00,
-1.48640e-03,4.00e-01,4.96e+00,
-1.48540e-03,2.00e-01,4.88e+00,
-1.48440e-03,4.00e-01,5.20e+00,
-1.48340e-03,5.20e+00,4.88e+00,
-1.48240e-03,5.20e+00,4.96e+00,
-1.48140e-03,4.80e+00,2.40e-01,
-1.48040e-03,4.80e+00,1.60e-01,
-1.47940e-03,5.00e+00,2.40e-01,
-1.47840e-03,5.00e+00,2.40e-01,
-1.47740e-03,4.80e+00,1.36e+00,
-1.47640e-03,4.80e+00,2.40e-01,
-1.47540e-03,5.00e+00,3.20e-01,
-1.47440e-03,0.00e+00,2.40e-01,
-1.47340e-03,4.00e-01,5.12e+00,
-1.47240e-03,2.00e-01,4.96e+00,
-1.47140e-03,2.00e-01,4.96e+00,
-1.47040e-03,-2.00e-01,4.40e+00,
-1.46940e-03,5.00e+00,5.12e+00,
-1.46840e-03,5.00e+00,4.96e+00,
-1.46740e-03,4.80e+00,-1.60e-01,
-1.46640e-03,5.00e+00,2.40e-01,
-1.46540e-03,4.80e+00,1.60e-01,
-1.46440e-03,5.00e+00,2.40e-01,
-1.46340e-03,4.80e+00,2.40e-01,
-1.46240e-03,5.00e+00,2.40e-01,
-1.46140e-03,4.80e+00,2.40e-01,
-1.46040e-03,4.80e+00,2.40e-01,
-1.45940e-03,5.20e+00,5.52e+00,
-1.45840e-03,2.00e-01,4.96e+00,
-1.45740e-03,-2.00e-01,4.80e+00,
-1.45640e-03,0.00e+00,4.96e+00,
-1.45540e-03,4.00e-01,5.28e+00,
-1.45440e-03,2.00e-01,4.96e+00,
-1.45340e-03,5.20e+00,4.88e+00,
-1.45240e-03,5.20e+00,-3.20e-01,
-1.45140e-03,4.80e+00,2.40e-01,
-1.45040e-03,5.00e+00,2.40e-01,
-1.44940e-03,4.80e+00,1.60e-01,
-1.44840e-03,4.80e+00,2.40e-01,
-1.44740e-03,5.00e+00,2.40e-01,
-1.44640e-03,5.00e+00,2.40e-01,
-1.44540e-03,5.00e+00,5.20e+00,
-1.44440e-03,4.80e+00,4.96e+00,
-1.44340e-03,0.00e+00,4.96e+00,
-1.44240e-03,2.00e-01,4.88e+00,
-1.44140e-03,4.00e-01,5.20e+00,
-1.44040e-03,2.00e-01,4.96e+00,
-1.43940e-03,5.00e+00,4.96e+00,
-1.43840e-03,4.80e+00,4.96e+00,
-1.43740e-03,5.20e+00,1.60e-01,
-1.43640e-03,4.80e+00,2.40e-01,
-1.43540e-03,5.00e+00,2.40e-01,
-1.43440e-03,4.80e+00,8.00e-01,
-1.43340e-03,5.00e+00,2.40e-01,
-1.43240e-03,4.80e+00,2.40e-01,
-1.43140e-03,5.00e+00,5.12e+00,
-1.43040e-03,4.80e+00,5.04e+00,
-1.42940e-03,2.00e-01,4.96e+00,
-1.42840e-03,-2.00e-01,4.80e+00,
-1.42740e-03,4.00e-01,5.12e+00,
-1.42640e-03,2.00e-01,5.12e+00,
-1.42540e-03,5.20e+00,4.88e+00,
-1.42440e-03,5.20e+00,4.96e+00,
-1.42340e-03,5.00e+00,-7.99e-02,
-1.42240e-03,5.00e+00,2.40e-01,
-1.42140e-03,4.80e+00,-7.99e-02,
-1.42040e-03,5.00e+00,4.00e-01,
-1.41940e-03,4.80e+00,-1.60e-01,
-1.41840e-03,4.80e+00,2.40e-01,
-1.41740e-03,5.00e+00,2.40e-01,
-1.41640e-03,5.00e+00,5.12e+00,
-1.41540e-03,2.00e-01,4.96e+00,
-1.41440e-03,2.00e-01,4.88e+00,
-1.41340e-03,6.00e-01,5.28e+00,
-1.41240e-03,4.00e-01,5.04e+00,
-1.41140e-03,2.00e-01,4.88e+00,
-1.41040e-03,5.20e+00,5.12e+00,
-1.40940e-03,5.00e+00,7.99e-02,
-1.40840e-03,5.00e+00,1.60e-01,
-1.40740e-03,4.80e+00,2.40e-01,
-1.40640e-03,4.80e+00,2.40e-01,
-1.40540e-03,5.00e+00,1.60e-01,
-1.40440e-03,5.00e+00,2.40e-01,
-1.40340e-03,5.00e+00,2.40e-01,
-1.40240e-03,5.00e+00,2.40e-01,
-1.40140e-03,0.00e+00,5.20e+00,
-1.40040e-03,2.00e-01,4.96e+00,
-1.39940e-03,0.00e+00,4.88e+00,
-1.39840e-03,2.00e-01,5.20e+00,
-1.39740e-03,4.00e-01,4.88e+00,
-1.39640e-03,2.00e-01,4.96e+00,
-1.39540e-03,5.20e+00,5.60e-01,
-1.39440e-03,4.80e+00,1.60e-01,
-1.39340e-03,5.20e+00,2.40e-01,
-1.39240e-03,4.80e+00,-7.99e-02,
-1.39140e-03,5.20e+00,3.20e-01,
-1.39040e-03,4.80e+00,2.40e-01,
-1.38940e-03,5.20e+00,2.40e-01,
-1.38840e-03,4.80e+00,2.40e-01,
-1.38740e-03,5.00e+00,5.20e+00,
-1.38640e-03,4.00e-01,4.96e+00,
-1.38540e-03,0.00e+00,4.96e+00,
-1.38440e-03,4.00e-01,4.96e+00,
-1.38340e-03,2.00e-01,5.04e+00,
-1.38240e-03,4.00e-01,4.96e+00,
-1.38140e-03,5.00e+00,4.88e+00,
